,pdb,prediction,p_crystal,p_biological
0,2v3t,crystal,0.909,0.091
1,5lc1,biological,0.049,0.951
2,1ijy,crystal,0.844,0.156
3,3ehc,biological,0.137,0.863
4,3eul,biological,0.212,0.788
5,2iy2,biological,0.24,0.76
6,3bxh,biological,0.273,0.727
7,1ex2,crystal,0.857,0.143
8,2bdq,biological,0.101,0.899
9,2ogi,crystal,0.699,0.301
10,3kay,biological,0.197,0.803
11,1kvo,crystal,0.873,0.127
12,3zpg,biological,0.175,0.825
13,3dh1,biological,0.038,0.962
14,1fse,biological,0.17,0.83
15,5z0y,biological,0.28,0.72
16,3rao,crystal,0.694,0.306
17,5ume,biological,0.322,0.678
18,4g2e,crystal,0.523,0.477
19,2qrr,biological,0.417,0.583
20,1prx,biological,0.069,0.931
21,2z6f,crystal,0.621,0.379
22,1vez,biological,0.428,0.572
23,1xub,crystal,0.806,0.194
24,3kht,biological,0.042,0.958
25,1ohq,crystal,0.698,0.302
26,3pm7,biological,0.133,0.867
27,3juw,biological,0.371,0.629
28,4mmm,biological,0.125,0.875
29,4o67,crystal,0.953,0.047
30,4low,biological,0.232,0.768
31,5uzx,crystal,0.873,0.127
32,4xws,biological,0.262,0.738
33,2yy9,biological,0.054,0.946
34,3ce1,biological,0.042,0.958
35,2qxy,biological,0.094,0.906
36,5xwe,crystal,0.636,0.364
37,2oik,biological,0.112,0.888
38,4g8t,crystal,0.741,0.259
39,4tt4,biological,0.4,0.6
40,5hqw,biological,0.12,0.88
41,4zms,biological,0.434,0.566
42,2p5u,biological,0.006,0.994
43,3wpw,biological,0.029,0.971
44,3ucr,crystal,0.981,0.019
45,4l7e,biological,0.016,0.984
46,2c2x,biological,0.153,0.847
47,2qsq,crystal,0.655,0.345
48,3eoq,crystal,0.541,0.459
49,3chi,biological,0.225,0.775
50,1xsv,biological,0.361,0.639
51,1gmz,biological,0.374,0.626
52,1ns5,biological,0.264,0.736
53,2g0h,crystal,0.87,0.13
54,5eq9,biological,0.05,0.95
55,4e5y,biological,0.26,0.74
56,3n3m,biological,0.06,0.94
57,2cw3,crystal,0.581,0.419
58,4ph6,biological,0.058,0.942
59,1rkr,biological,0.169,0.831
60,4bkm,biological,0.002,0.998
61,1vpl,crystal,0.887,0.113
62,4wt0,biological,0.411,0.589
63,5ig8,biological,0.255,0.745
64,3hjg,biological,0.117,0.883
65,1c3g,crystal,0.674,0.326
66,3h2d,biological,0.118,0.882
67,4kyx,biological,0.066,0.934
68,5v01,biological,0.092,0.908
69,2xhf,biological,0.184,0.816
70,5hsx,biological,0.44,0.56
71,3ter,biological,0.3,0.7
72,3uqz,biological,0.055,0.945
73,4y5u,crystal,0.624,0.376
74,3obh,biological,0.165,0.835
75,5cro,biological,0.416,0.584
76,5t93,crystal,0.5,0.5
77,1my6,biological,0.189,0.811
78,3leq,biological,0.271,0.729
79,2aps,biological,0.343,0.657
80,1hux,biological,0.092,0.908
81,2h8k,biological,0.209,0.791
82,2r3v,biological,0.037,0.963
83,3o63,crystal,0.695,0.305
84,4exn,crystal,0.87,0.13
85,4kgb,biological,0.191,0.809
86,3kza,crystal,0.562,0.438
87,2cx4,crystal,0.676,0.324
88,4fn9,crystal,0.561,0.439
89,5c2x,crystal,0.593,0.407
90,1kez,crystal,0.686,0.314
91,3m5u,biological,0.11,0.89
92,2i9z,biological,0.149,0.851
93,4e4j,biological,0.382,0.618
94,1poe,crystal,0.993,0.007
95,3g17,biological,0.081,0.919
96,3dl3,biological,0.28,0.72
97,3ijl,crystal,0.893,0.107
98,3m5b,biological,0.474,0.526
99,1to4,biological,0.109,0.891
100,2j80,crystal,0.721,0.279
101,2imz,biological,0.198,0.802
102,3q1d,crystal,0.579,0.421
103,4dsc,crystal,0.81,0.19
104,1bws,crystal,0.956,0.044
105,3kux,crystal,0.88,0.12
106,1zxk,biological,0.501,0.499
107,3oet,crystal,0.546,0.454
108,2ob5,biological,0.052,0.948
109,4yiw,biological,0.328,0.672
110,3p0c,crystal,0.761,0.239
111,4ga4,biological,0.37,0.63
112,4lev,crystal,0.98,0.02
113,4wov,crystal,0.546,0.454
114,3erj,biological,0.003,0.997
115,4nnz,crystal,0.538,0.462
116,1bgf,crystal,0.599,0.401
117,2aca,crystal,0.559,0.441
118,3l6b,biological,0.135,0.865
119,4g7n,crystal,0.689,0.311
120,4fbi,biological,0.263,0.737
121,2ozv,biological,0.113,0.887
122,3auf,biological,0.203,0.797
123,3c9g,biological,0.074,0.926
124,2pfi,crystal,0.714,0.286
125,2fco,biological,0.229,0.771
126,3lqn,biological,0.489,0.511
127,5j6o,biological,0.448,0.552
128,3clk,biological,0.454,0.546
129,5an1,biological,0.256,0.744
130,5eo6,biological,0.221,0.779
131,3lf7,crystal,0.992,0.008
132,1qya,biological,0.291,0.709
133,1yae,crystal,0.772,0.228
134,1lyn,crystal,0.582,0.418
135,1e85,crystal,0.584,0.416
136,4wny,biological,0.153,0.847
137,3fb3,biological,0.121,0.879
138,3rri,biological,0.037,0.963
139,1ysj,biological,0.143,0.857
140,2o9a,biological,0.068,0.932
141,2ycj,biological,0.005,0.995
142,2pzz,biological,0.18,0.82
143,1tfg,biological,0.073,0.927
144,3ssi,biological,0.254,0.746
145,1zp7,biological,0.458,0.542
146,4kv9,crystal,0.551,0.449
147,2hzb,biological,0.167,0.833
148,2zv3,biological,0.007,0.993
149,1hjr,biological,0.066,0.934
150,5j9c,biological,0.04,0.96
151,1jrk,crystal,0.585,0.415
152,3qxu,crystal,0.712,0.288
153,3ccg,biological,0.042,0.958
154,2ov8,crystal,0.837,0.163
155,1vr0,biological,0.041,0.959
156,3u80,biological,0.168,0.832
157,1v2z,biological,0.009,0.991
158,3sno,biological,0.105,0.895
159,6cgb,biological,0.3,0.7
160,4f82,biological,0.131,0.869
161,5llj,biological,0.31,0.69
162,3u7i,crystal,0.532,0.468
163,3g48,crystal,0.54,0.46
164,1erv,biological,0.305,0.695
165,2w0l,biological,0.327,0.673
166,3hru,biological,0.476,0.524
167,3l0z,biological,0.076,0.924
168,4l4z,biological,0.056,0.944
169,5hs8,biological,0.063,0.937
170,2zoz,crystal,0.989,0.011
171,1nvt,biological,0.098,0.902
172,2j98,biological,0.084,0.916
173,2ze3,biological,0.014,0.986
174,3l1e,crystal,0.562,0.438
175,1ukg,crystal,0.829,0.171
176,4ese,biological,0.437,0.563
177,5tc2,biological,0.274,0.726
178,4u04,biological,0.065,0.935
179,3oco,biological,0.483,0.517
180,1e59,biological,0.472,0.528
181,4lza,biological,0.019,0.981
182,4lft,biological,0.143,0.857
183,4e04,biological,0.242,0.758
184,2o1v,biological,0.113,0.887
185,5hxo,biological,0.012,0.988
186,3b7h,biological,0.272,0.728
187,1ix9,biological,0.331,0.669
188,4l85,crystal,0.73,0.27
189,4rnj,crystal,0.942,0.058
190,2j8z,biological,0.069,0.931
191,4s3m,crystal,0.938,0.062
192,4x0r,biological,0.31,0.69
193,3dvi,biological,0.168,0.832
194,4zwv,biological,0.023,0.977
195,3lrq,biological,0.302,0.698
196,1y7h,biological,0.056,0.944
197,5ie7,crystal,0.766,0.234
198,4nvr,biological,0.157,0.843
199,5t9f,crystal,0.964,0.036
200,1cd0,biological,0.434,0.566
201,4kvr,biological,0.258,0.742
202,1sxs,biological,0.137,0.863
203,4xas,biological,0.463,0.537
204,2f5e,biological,0.23,0.77
205,2xeu,biological,0.15,0.85
206,4le0,biological,0.223,0.777
207,3hh7,biological,0.045,0.955
208,5wyg,biological,0.069,0.931
209,1j1i,biological,0.051,0.949
210,1sfr,crystal,0.558,0.442
211,3nfc,biological,0.067,0.933
212,3knz,biological,0.345,0.655
213,3lo3,biological,0.22,0.78
214,5fub,biological,0.274,0.726
215,4hf7,crystal,0.985,0.015
216,4q97,biological,0.056,0.944
217,5cho,biological,0.007,0.993
218,1my7,biological,0.081,0.919
219,2vpk,biological,0.117,0.883
220,2e1d,biological,0.1,0.9
221,4tkz,biological,0.142,0.858
222,2yvu,biological,0.128,0.872
223,3qat,crystal,0.704,0.296
224,3pyi,biological,0.228,0.772
225,2nx9,crystal,0.526,0.474
226,1qvt,crystal,0.903,0.097
227,3r8c,crystal,0.697,0.303
228,2rc3,biological,0.109,0.891
229,6ar4,crystal,0.748,0.252
230,4h2i,biological,0.342,0.658
231,4aj7,biological,0.032,0.968
232,3o0m,biological,0.06,0.94
233,3rpc,biological,0.072,0.928
234,2v9c,biological,0.039,0.961
235,1u20,crystal,0.781,0.219
236,5k2i,crystal,0.66,0.34
237,5wqi,biological,0.04,0.96
238,1t0i,biological,0.069,0.931
239,1uat,biological,0.225,0.775
240,2qlx,biological,0.034,0.966
241,2dou,biological,0.038,0.962
242,2hk3,biological,0.214,0.786
243,5dyw,crystal,0.952,0.048
244,2vrn,biological,0.148,0.852
245,1xur,crystal,0.925,0.075
246,1se8,biological,0.444,0.556
247,1f1g,biological,0.086,0.914
248,2j8m,biological,0.103,0.897
249,5l6q,biological,0.257,0.743
250,4kcx,biological,0.445,0.555
251,5b1y,biological,0.081,0.919
252,5ayp,biological,0.006,0.994
253,2bpd,crystal,0.946,0.054
254,3ego,biological,0.102,0.898
255,2snw,crystal,0.847,0.153
256,1zh2,biological,0.322,0.678
257,3f9s,biological,0.012,0.988
258,3hz4,crystal,0.58,0.42
259,2q8r,biological,0.048,0.952
260,2dsj,biological,0.046,0.954
261,2zxy,crystal,0.629,0.371
262,5ckm,biological,0.464,0.536
263,1qhq,crystal,0.732,0.268
264,4o1w,crystal,0.623,0.377
265,1is3,biological,0.169,0.831
266,3lp9,crystal,0.913,0.087
267,2tpt,biological,0.113,0.887
268,1fp5,biological,0.139,0.861
269,3h1s,biological,0.296,0.704
270,4nxf,biological,0.324,0.676
271,3t9y,biological,0.014,0.986
272,3do5,biological,0.019,0.981
273,1e7n,biological,0.175,0.825
274,1a3a,biological,0.28,0.72
275,3hq2,biological,0.281,0.719
276,4re8,biological,0.279,0.721
277,2ecf,biological,0.132,0.868
278,1v2a,biological,0.098,0.902
279,1mi8,crystal,0.886,0.114
280,4fqu,crystal,0.943,0.057
281,5exv,biological,0.025,0.975
282,2gsl,biological,0.055,0.945
283,3rtl,biological,0.371,0.629
284,3qyj,biological,0.195,0.805
285,1srr,biological,0.292,0.708
286,4pbe,crystal,0.893,0.107
287,1vh0,biological,0.198,0.802
288,2q4n,biological,0.017,0.983
289,1hlc,biological,0.175,0.825
290,2eav,crystal,0.986,0.014
291,3h7l,biological,0.033,0.967
292,3f8h,biological,0.05,0.95
293,1ujn,biological,0.118,0.882
294,1vqu,biological,0.007,0.993
295,1jm0,biological,0.223,0.777
296,3lhx,biological,0.213,0.787
297,5j7n,crystal,0.927,0.073
298,2ekz,crystal,0.926,0.074
299,3rog,crystal,0.913,0.087
300,5svg,biological,0.072,0.928
301,2gs2,biological,0.363,0.637
302,5ujf,crystal,0.527,0.473
303,1tmk,biological,0.037,0.963
304,3gw2,biological,0.011,0.989
305,1s9p,biological,0.385,0.615
306,4emb,biological,0.09,0.91
307,3q64,biological,0.143,0.857
308,3ksh,biological,0.236,0.764
309,1bjj,crystal,0.956,0.044
310,2pl1,biological,0.348,0.652
311,4nzj,crystal,0.996,0.004
312,1r7j,crystal,0.762,0.238
313,3nur,biological,0.022,0.978
314,4ray,biological,0.167,0.833
315,1rfy,crystal,0.603,0.397
316,2f6s,crystal,0.77,0.23
317,2ph0,biological,0.003,0.997
318,1tvd,crystal,0.923,0.077
319,3c6b,crystal,0.714,0.286
320,1y67,biological,0.319,0.681
321,3vx3,crystal,0.654,0.346
322,1jzo,biological,0.168,0.832
323,2q30,biological,0.008,0.992
324,2q5c,biological,0.106,0.894
325,1xre,biological,0.24,0.76
326,2jlp,biological,0.12,0.88
327,3pf9,crystal,0.916,0.084
328,2egu,crystal,0.542,0.458
329,2oai,biological,0.068,0.932
330,1vok,crystal,0.892,0.108
331,3hhv,biological,0.119,0.881
332,3dm8,biological,0.003,0.997
333,5y4t,crystal,0.99,0.01
334,3u5v,biological,0.09,0.91
335,2nwu,biological,0.033,0.967
336,3lpm,biological,0.088,0.912
337,4ppy,crystal,0.613,0.387
338,3fdg,biological,0.444,0.556
339,2qaz,biological,0.142,0.858
340,5vdf,biological,0.065,0.935
341,5edx,biological,0.199,0.801
342,4e69,crystal,0.776,0.224
343,3bjr,biological,0.077,0.923
344,3r8e,biological,0.174,0.826
345,3lxy,crystal,0.526,0.474
346,5vcp,biological,0.281,0.719
347,2rcv,biological,0.255,0.745
348,4fdb,biological,0.063,0.937
349,2v54,biological,0.022,0.978
350,3cnk,biological,0.063,0.937
351,1slb,biological,0.22,0.78
352,2yxz,biological,0.003,0.997
353,3hjp,biological,0.278,0.722
354,5n7l,biological,0.379,0.621
355,3hv2,biological,0.164,0.836
356,1ivl,biological,0.252,0.748
357,4pzk,biological,0.014,0.986
358,4nwc,biological,0.44,0.56
359,3p0u,biological,0.501,0.499
360,3glv,biological,0.486,0.514
361,3efb,biological,0.12,0.88
362,1b0w,crystal,0.49,0.51
363,1z9p,crystal,0.593,0.407
364,2ws2,biological,0.009,0.991
365,2hku,biological,0.052,0.948
366,2xwc,crystal,0.651,0.349
367,3egj,biological,0.353,0.647
368,2a8f,crystal,0.99,0.01
369,5yrg,biological,0.247,0.753
370,1q4j,crystal,0.988,0.012
371,1aoh,crystal,0.852,0.148
372,3toe,biological,0.066,0.934
373,3e6d,biological,0.139,0.861
374,2f00,biological,0.404,0.596
375,1zy2,biological,0.147,0.853
376,3k1m,crystal,0.895,0.105
377,3i83,biological,0.087,0.913
378,3oa4,biological,0.017,0.983
379,2i45,biological,0.241,0.759
380,3g7p,crystal,0.669,0.331
381,3lf6,biological,0.208,0.792
382,3ppl,crystal,0.889,0.111
383,1fzv,crystal,0.618,0.382
384,4fr2,biological,0.098,0.902
385,2hjd,crystal,0.845,0.155
386,3umc,biological,0.345,0.655
387,1xkv,crystal,0.879,0.121
388,3c5q,biological,0.01,0.99
389,3l5z,biological,0.175,0.825
390,3atp,biological,0.303,0.697
391,4qhj,biological,0.45,0.55
392,3lza,biological,0.394,0.606
393,3dqz,biological,0.057,0.943
394,1qxh,biological,0.395,0.605
395,4yyy,crystal,0.886,0.114
396,5z70,biological,0.291,0.709
397,1fux,biological,0.044,0.956
398,1txn,biological,0.066,0.934
399,3dqp,biological,0.387,0.613
400,4d6y,biological,0.19,0.81
401,3d6r,crystal,0.692,0.308
402,1jye,crystal,0.882,0.118
403,2qld,crystal,0.556,0.444
404,3p9x,biological,0.353,0.647
405,4lmf,crystal,0.686,0.314
406,1psq,biological,0.275,0.725
407,1esr,crystal,0.932,0.068
408,3lcr,biological,0.104,0.896
409,3woi,crystal,0.672,0.328
410,2pmr,biological,0.146,0.854
411,5i4c,biological,0.133,0.867
412,3lyp,biological,0.472,0.528
413,1hy3,biological,0.361,0.639
414,4flb,biological,0.482,0.518
415,4mdh,biological,0.16,0.84
416,5m7q,biological,0.281,0.719
417,5hiz,biological,0.201,0.799
418,1d1t,biological,0.095,0.905
419,3esf,biological,0.119,0.881
420,1zzh,biological,0.107,0.893
421,5iu9,crystal,0.826,0.174
422,4j2p,biological,0.423,0.577
423,1mp9,biological,0.185,0.815
424,4fzp,biological,0.071,0.929
425,2oz6,biological,0.166,0.834
426,3hn2,crystal,0.987,0.013
427,3ltv,biological,0.117,0.883
428,2ph1,biological,0.269,0.731
429,1fe0,crystal,0.821,0.179
430,2zkj,crystal,0.89,0.11
431,2r8q,crystal,0.781,0.219
432,2c9s,biological,0.134,0.866
433,2dql,biological,0.375,0.625
434,1nfs,biological,0.239,0.761
435,3hyq,biological,0.146,0.854
436,2z0f,biological,0.342,0.658
437,3hf7,crystal,0.698,0.302
438,2ew2,biological,0.29,0.71
439,4o9k,biological,0.247,0.753
440,1xef,biological,0.086,0.914
441,1cd8,biological,0.158,0.842
442,8jdw,crystal,0.981,0.019
443,2dpf,biological,0.119,0.881
444,3dvf,biological,0.249,0.751
445,4rz0,crystal,0.68,0.32
446,2oqt,biological,0.356,0.644
447,3nzr,biological,0.408,0.592
448,1eeq,biological,0.336,0.664
449,1xuq,biological,0.236,0.764
450,2x6g,biological,0.072,0.928
451,1cp2,biological,0.068,0.932
452,1kie,biological,0.337,0.663
453,2cd0,biological,0.359,0.641
454,4nzv,crystal,0.866,0.134
455,3kbf,biological,0.099,0.901
456,1rcw,biological,0.496,0.504
457,1to0,biological,0.108,0.892
458,3rks,biological,0.111,0.889
459,2zvz,biological,0.113,0.887
460,5vxa,biological,0.136,0.864
461,3nib,crystal,0.599,0.401
462,3v6n,crystal,0.927,0.073
463,3d7a,biological,0.124,0.876
464,2bej,crystal,0.82,0.18
465,2wui,biological,0.053,0.947
466,5lvz,biological,0.308,0.692
467,3lfi,crystal,0.98,0.02
468,1xty,biological,0.004,0.996
469,3r0n,biological,0.353,0.647
470,4oja,biological,0.106,0.894
471,4a56,crystal,0.802,0.198
472,4je1,biological,0.282,0.718
473,1xwb,biological,0.131,0.869
474,3ljb,biological,0.349,0.651
475,4eo9,biological,0.49,0.51
476,5gt9,crystal,0.911,0.089
477,4ldz,crystal,0.698,0.302
478,4i5q,biological,0.1,0.9
479,3orr,biological,0.398,0.602
480,2qms,crystal,0.742,0.258
481,4pz9,biological,0.245,0.755
482,4ofd,biological,0.24,0.76
483,2bde,crystal,0.669,0.331
484,3duv,biological,0.096,0.904
485,1f1c,crystal,0.531,0.469
486,1dvr,crystal,0.639,0.361
487,4ckl,crystal,0.691,0.309
488,2eo0,biological,0.309,0.691
489,4c98,crystal,0.826,0.174
490,3ewb,biological,0.23,0.77
491,4trt,crystal,0.542,0.458
492,4q7e,biological,0.441,0.559
493,3hm7,biological,0.391,0.609
494,5c6m,biological,0.468,0.532
495,3fbu,biological,0.301,0.699
496,4xbd,crystal,0.687,0.313
497,4oky,biological,0.476,0.524
498,2z00,biological,0.171,0.829
499,2ikk,biological,0.137,0.863
500,1qg7,biological,0.302,0.698
501,4nsv,crystal,0.76,0.24
502,3jv5,biological,0.268,0.732
503,3hx8,biological,0.001,0.999
504,3l9e,biological,0.248,0.752
505,5sy4,biological,0.068,0.932
506,5h0i,biological,0.428,0.572
507,2oo2,biological,0.151,0.849
508,3l1w,biological,0.419,0.581
509,2imn,biological,0.324,0.676
510,1qq7,biological,0.027,0.973
511,4k30,biological,0.053,0.947
512,2nyb,biological,0.223,0.777
513,2ha7,crystal,0.904,0.096
514,3svk,crystal,0.798,0.202
515,3bde,biological,0.048,0.952
516,4d9o,crystal,0.858,0.142
517,1yad,biological,0.307,0.693
518,3by8,biological,0.471,0.529
519,5hpj,biological,0.205,0.795
520,1zc6,crystal,0.985,0.015
521,3fbt,crystal,0.531,0.469
522,3p3d,biological,0.089,0.911
523,5hm4,crystal,0.909,0.091
524,2ymz,biological,0.164,0.836
525,4i15,crystal,0.822,0.178
526,1o12,biological,0.216,0.784
527,3r6m,biological,0.281,0.719
528,3e7p,biological,0.031,0.969
529,2nwv,biological,0.034,0.966
530,3hha,biological,0.308,0.692
531,3ees,biological,0.372,0.628
532,1bhm,biological,0.265,0.735
533,4zrn,biological,0.004,0.996
534,4rzk,crystal,0.634,0.366
535,1dd7,crystal,0.685,0.315
536,3ros,biological,0.414,0.586
537,3kg6,crystal,0.535,0.465
538,4gmk,biological,0.077,0.923
539,1iqc,biological,0.162,0.838
540,3smd,biological,0.102,0.898
541,2dwu,biological,0.152,0.848
542,4rfp,biological,0.429,0.571
543,4whj,biological,0.432,0.568
544,1qto,biological,0.014,0.986
545,4o1i,crystal,0.567,0.433
546,3ooo,biological,0.209,0.791
547,3pc7,crystal,0.876,0.124
548,3dcj,crystal,0.753,0.247
549,4oie,biological,0.296,0.704
550,1afw,biological,0.158,0.842
551,5feg,crystal,0.718,0.282
552,1y7y,biological,0.278,0.722
553,3hy8,biological,0.008,0.992
554,3hmk,biological,0.027,0.973
555,2dvn,crystal,0.872,0.128
556,4jp4,crystal,0.833,0.167
557,2q24,biological,0.076,0.924
558,1bp6,crystal,0.848,0.152
559,3c1q,biological,0.353,0.647
560,3k86,biological,0.01,0.99
561,4nqq,biological,0.165,0.835
562,2fj2,biological,0.022,0.978
563,5h23,crystal,0.916,0.084
564,1gyo,biological,0.434,0.566
565,4ckm,biological,0.484,0.516
566,5a0j,crystal,0.543,0.457
567,1yv9,crystal,0.741,0.259
568,3khp,biological,0.137,0.863
569,1ov4,biological,0.166,0.834
570,2gwh,biological,0.056,0.944
571,3sdp,biological,0.342,0.658
572,3d7q,biological,0.003,0.997
573,4j9a,biological,0.292,0.708
574,3qq6,biological,0.167,0.833
575,4v07,biological,0.163,0.837
576,3f4k,biological,0.49,0.51
577,3l18,biological,0.093,0.907
578,2wfc,biological,0.22,0.78
579,1hq8,biological,0.044,0.956
580,1b78,biological,0.233,0.767
581,3lmb,biological,0.063,0.937
582,3mux,biological,0.179,0.821
583,3nrd,biological,0.034,0.966
584,4pob,biological,0.212,0.788
585,3rny,biological,0.505,0.495
586,3kkc,biological,0.03,0.97
587,5cjj,crystal,0.933,0.067
588,5dra,biological,0.06,0.94
589,3m45,biological,0.469,0.531
590,4nf1,biological,0.049,0.951
591,2pls,biological,0.278,0.722
592,3lyn,biological,0.333,0.667
593,4e86,biological,0.076,0.924
594,2pwj,biological,0.137,0.863
595,1bjt,biological,0.352,0.648
596,4hwx,biological,0.205,0.795
597,5eb9,biological,0.037,0.963
598,1xkz,crystal,0.96,0.04
599,4ohc,biological,0.107,0.893
600,4p52,crystal,0.88,0.12
601,3r03,biological,0.297,0.703
602,1jbg,crystal,0.502,0.498
603,3jv9,biological,0.28,0.72
604,4muo,biological,0.052,0.948
605,1xi3,crystal,0.644,0.356
606,1r5q,biological,0.015,0.985
607,3d8u,crystal,0.491,0.509
608,4iys,biological,0.426,0.574
609,3kcn,biological,0.366,0.634
610,2fv7,crystal,0.952,0.048
611,2goj,crystal,0.617,0.383
612,2gpc,biological,0.222,0.778
613,4xar,crystal,0.735,0.265
614,3hqx,biological,0.117,0.883
615,1ks2,biological,0.261,0.739
616,2we8,biological,0.045,0.955
617,2zhg,biological,0.194,0.806
618,1zlj,biological,0.127,0.873
619,2zw2,biological,0.063,0.937
620,1uou,biological,0.235,0.765
621,1xlu,crystal,0.533,0.467
622,5ckn,crystal,0.723,0.277
623,1uer,biological,0.211,0.789
624,2a67,biological,0.061,0.939
625,3ded,biological,0.105,0.895
626,1j8b,biological,0.027,0.973
627,1s9c,biological,0.22,0.78
628,2x4i,crystal,0.67,0.33
629,5vkt,biological,0.101,0.899
630,3tqj,crystal,0.628,0.372
631,3bs3,biological,0.322,0.678
632,2jfp,biological,0.326,0.674
633,5h5n,crystal,0.579,0.421
634,2ppv,biological,0.198,0.802
635,4omv,biological,0.399,0.601
636,3da8,biological,0.177,0.823
637,5ep8,biological,0.073,0.927
638,1jog,biological,0.175,0.825
639,1xso,biological,0.085,0.915
640,1rpa,biological,0.097,0.903
641,3g13,biological,0.068,0.932
642,1mqd,crystal,0.944,0.056
643,1ibd,biological,0.251,0.749
644,5vm4,biological,0.163,0.837
645,2ywa,biological,0.136,0.864
646,2bhm,crystal,0.798,0.202
647,2dwy,biological,0.428,0.572
648,3wud,biological,0.196,0.804
649,2xt2,biological,0.096,0.904
650,1aiz,biological,0.239,0.761
651,3g45,crystal,0.663,0.337
652,2w7w,crystal,0.608,0.392
653,3igr,biological,0.352,0.648
654,1wn2,biological,0.001,0.999
655,2b7l,biological,0.153,0.847
656,3zrd,crystal,0.527,0.473
657,3hzu,biological,0.369,0.631
658,3keb,biological,0.317,0.683
659,4zng,crystal,0.528,0.472
660,4jdl,crystal,0.656,0.344
661,6azh,biological,0.038,0.962
662,2a4a,biological,0.429,0.571
663,2hng,biological,0.032,0.968
664,1mft,biological,0.347,0.653
665,3l7o,biological,0.125,0.875
666,4f2n,biological,0.283,0.717
667,3htv,biological,0.29,0.71
668,2cw2,biological,0.36,0.64
669,3hdv,crystal,0.529,0.471
670,2fhq,biological,0.002,0.998
671,2gff,biological,0.085,0.915
672,3mnd,biological,0.134,0.866
673,2ovi,biological,0.121,0.879
674,4lir,crystal,0.509,0.491
675,2cc3,biological,0.247,0.753
676,3gz1,biological,0.171,0.829
677,5ckl,biological,0.14,0.86
678,5trb,biological,0.129,0.871
679,3e8s,biological,0.038,0.962
680,3hde,crystal,0.525,0.475
681,3g0k,biological,0.01,0.99
682,3dui,biological,0.105,0.895
683,3cyv,crystal,0.68,0.32
684,2dc4,biological,0.19,0.81
685,3aw8,biological,0.23,0.77
686,2npn,crystal,0.985,0.015
687,1wwp,biological,0.154,0.846
688,2b5a,biological,0.135,0.865
689,1v98,crystal,0.58,0.42
690,3dyd,biological,0.126,0.874
691,4i1t,biological,0.338,0.662
692,4pr3,biological,0.182,0.818
693,3tzu,biological,0.364,0.636
694,3bif,crystal,0.947,0.053
695,1ktn,crystal,0.66,0.34
696,3cwc,biological,0.046,0.954
697,3cei,biological,0.229,0.771
698,2fuc,biological,0.103,0.897
699,3lwb,biological,0.24,0.76
700,3clv,biological,0.449,0.551
701,4dkc,crystal,0.526,0.474
702,3cjw,crystal,0.537,0.463
703,3tr2,biological,0.272,0.728
704,5cow,crystal,0.949,0.051
705,1o6d,biological,0.148,0.852
706,4q9a,crystal,0.554,0.446
707,4a7p,biological,0.037,0.963
708,1qkd,biological,0.179,0.821
709,1q98,biological,0.398,0.602
710,4tmb,crystal,0.895,0.105
711,1ecx,crystal,0.737,0.263
712,5i10,biological,0.134,0.866
713,4lrw,crystal,0.825,0.175
714,3k6k,crystal,0.565,0.435
715,2qgh,biological,0.042,0.958
716,5p21,crystal,0.642,0.358
717,4chl,biological,0.216,0.784
718,4zqb,crystal,0.853,0.147
719,3pl2,biological,0.386,0.614
720,1rtv,crystal,0.624,0.376
721,5dym,biological,0.381,0.619
722,3qm2,biological,0.225,0.775
723,2i5p,biological,0.149,0.851
724,4dyw,biological,0.16,0.84
725,5il5,biological,0.198,0.802
726,3ghy,biological,0.063,0.937
727,4xea,biological,0.364,0.636
728,3trc,biological,0.124,0.876
729,2f96,biological,0.066,0.934
730,5yii,biological,0.037,0.963
731,5ks7,biological,0.252,0.748
732,1gam,biological,0.155,0.845
733,6auj,biological,0.118,0.882
734,5u0k,biological,0.385,0.615
735,1zjj,biological,0.062,0.938
736,2z7c,biological,0.027,0.973
737,4dj3,biological,0.492,0.508
738,2ovg,biological,0.118,0.882
739,1yem,biological,0.186,0.814
740,1np6,biological,0.059,0.941
741,2r7h,biological,0.224,0.776
742,3k5x,crystal,0.601,0.399
743,2h2w,biological,0.148,0.852
744,2omk,biological,0.128,0.872
745,1okj,biological,0.186,0.814
746,1iiw,crystal,0.923,0.077
747,2ar8,crystal,0.857,0.143
748,5xwz,biological,0.401,0.599
749,1oya,biological,0.089,0.911
750,1udv,biological,0.085,0.915
751,1wtc,biological,0.316,0.684
752,3mq4,biological,0.331,0.669
753,4qbo,biological,0.142,0.858
754,3eus,crystal,0.7,0.3
755,3rt2,biological,0.194,0.806
756,2d13,crystal,0.881,0.119
757,1rz6,biological,0.354,0.646
758,5x9i,biological,0.216,0.784
759,2zu1,biological,0.374,0.626
760,2x2a,biological,0.293,0.707
761,1u3z,biological,0.208,0.792
762,3lhk,biological,0.152,0.848
763,3rjs,biological,0.02,0.98
764,3b4u,biological,0.084,0.916
765,3hj6,biological,0.165,0.835
766,3teq,crystal,0.585,0.415
767,3msq,biological,0.191,0.809
768,4qf3,crystal,0.753,0.247
769,5wdi,crystal,0.95,0.05
770,3bl8,biological,0.169,0.831
771,3pr8,biological,0.37,0.63
772,6gsu,biological,0.185,0.815
773,3aqt,biological,0.009,0.991
774,3fh0,crystal,0.973,0.027
775,3f3y,crystal,0.949,0.051
776,4mhr,crystal,0.671,0.329
777,5c04,biological,0.11,0.89
778,3dih,biological,0.298,0.702
779,4ina,biological,0.241,0.759
780,1sfl,biological,0.038,0.962
781,2h9u,biological,0.115,0.885
782,1ixq,biological,0.307,0.693
783,5jsq,biological,0.07,0.93
784,3gff,biological,0.115,0.885
785,1usm,biological,0.099,0.901
786,1jhe,biological,0.189,0.811
787,4ljk,crystal,0.558,0.442
788,4ye0,crystal,0.586,0.414
789,1d5w,biological,0.246,0.754
790,1h0x,biological,0.014,0.986
791,3crj,biological,0.014,0.986
792,3pu7,biological,0.196,0.804
793,1obb,biological,0.127,0.873
794,2e46,biological,0.214,0.786
795,3jth,crystal,0.679,0.321
796,3lag,biological,0.087,0.913
797,2ebb,biological,0.08,0.92
798,2pij,crystal,0.695,0.305
799,1ewj,biological,0.015,0.985
800,1som,crystal,0.938,0.062
801,3ec9,biological,0.016,0.984
802,4nk0,crystal,0.506,0.494
803,4ds3,biological,0.296,0.704
804,3bwv,biological,0.031,0.969
805,3gor,biological,0.008,0.992
806,3ift,crystal,0.727,0.273
807,3kg7,biological,0.479,0.521
808,4ld8,biological,0.221,0.779
809,2idl,biological,0.136,0.864
810,1ac6,biological,0.271,0.729
811,4ic3,biological,0.105,0.895
812,4qin,biological,0.204,0.796
813,3n77,crystal,0.497,0.503
814,4ttw,biological,0.242,0.758
815,3zig,biological,0.22,0.78
816,4o1h,crystal,0.589,0.411
817,2nvn,biological,0.249,0.751
818,1h1y,biological,0.056,0.944
819,2ctx,crystal,0.615,0.385
820,1cdt,biological,0.109,0.891
821,1tz3,crystal,0.664,0.336
822,3dka,biological,0.006,0.994
823,4axv,crystal,0.761,0.239
824,3vnf,crystal,0.741,0.259
825,4guz,biological,0.355,0.645
826,4wvr,crystal,0.723,0.277
827,1o64,biological,0.218,0.782
828,4cgr,biological,0.249,0.751
829,2g3k,crystal,0.534,0.466
830,4eht,biological,0.099,0.901
831,3ljs,crystal,0.668,0.332
832,2nys,biological,0.142,0.858
833,1uvz,crystal,0.767,0.233
834,2e2c,crystal,0.815,0.185
835,2pju,crystal,0.705,0.295
836,3dex,biological,0.353,0.647
837,4jz2,biological,0.261,0.739
838,2fca,biological,0.129,0.871
839,3o9s,crystal,0.796,0.204
840,3nzp,crystal,0.592,0.408
841,5vsc,crystal,0.726,0.274
842,4i24,crystal,0.825,0.175
843,1ybz,biological,0.091,0.909
844,3fcx,crystal,0.686,0.314
845,3ppe,biological,0.194,0.806
846,2pcj,biological,0.179,0.821
847,3f14,biological,0.002,0.998
848,3bjv,biological,0.213,0.787
849,3i8b,biological,0.19,0.81
850,1z72,biological,0.05,0.95
851,3l9z,biological,0.008,0.992
852,2j85,crystal,0.501,0.499
853,4qhi,crystal,0.705,0.295
854,3ajz,biological,0.201,0.799
855,5hkl,biological,0.116,0.884
856,4dup,biological,0.071,0.929
857,4yet,biological,0.484,0.516
858,4du5,biological,0.123,0.877
859,3cwn,biological,0.506,0.494
860,3oxp,biological,0.206,0.794
861,3rob,biological,0.032,0.968
862,4qf2,crystal,0.703,0.297
863,3mxo,crystal,0.985,0.015
864,1jr9,biological,0.14,0.86
865,2zzt,biological,0.084,0.916
866,1np8,crystal,0.83,0.17
867,3jr8,crystal,0.668,0.332
868,3w64,biological,0.468,0.532
869,4rmm,biological,0.014,0.986
870,3zc9,crystal,0.781,0.219
871,1m08,crystal,0.705,0.295
872,4eru,biological,0.141,0.859
873,3tqu,biological,0.138,0.862
874,3w66,biological,0.434,0.566
875,4mei,biological,0.436,0.564
876,5dqw,biological,0.019,0.981
877,1xvq,crystal,0.62,0.38
878,4ckn,crystal,0.578,0.422
879,1jil,crystal,0.794,0.206
880,1zbr,crystal,0.778,0.222
881,3tn4,crystal,0.756,0.244
882,1q1n,crystal,0.572,0.428
883,5hu7,biological,0.229,0.771
884,4dvh,crystal,0.487,0.513
885,1qvw,crystal,0.821,0.179
886,1nzi,biological,0.055,0.945
887,4lw8,biological,0.015,0.985
888,4mqb,crystal,0.663,0.337
889,4dj2,biological,0.429,0.571
890,1qrd,crystal,0.989,0.011
891,3igd,crystal,0.554,0.446
892,4nuq,biological,0.247,0.753
893,5eyo,biological,0.443,0.557
894,1ha4,crystal,0.58,0.42
895,3c8j,biological,0.212,0.788
896,1qmj,biological,0.136,0.864
897,4exo,crystal,0.623,0.377
898,4xvv,crystal,0.888,0.112
899,3tbo,crystal,0.816,0.184
900,5f05,biological,0.155,0.845
901,3k5s,crystal,0.644,0.356
902,2isy,biological,0.326,0.674
903,3eeg,biological,0.207,0.793
904,1dp4,biological,0.172,0.828
905,2itf,crystal,0.672,0.328
906,4qxw,biological,0.253,0.747
907,5u0i,biological,0.261,0.739
908,5b7z,crystal,0.931,0.069
909,4o1r,crystal,0.882,0.118
910,1q7s,biological,0.014,0.986
911,4o7v,biological,0.154,0.846
912,3uf5,crystal,0.561,0.439
913,1bww,crystal,0.691,0.309
914,3kb1,biological,0.391,0.609
915,3lv9,biological,0.26,0.74
916,2bho,crystal,0.544,0.456
917,3ctz,biological,0.093,0.907
918,1fvp,crystal,0.946,0.054
919,1kut,biological,0.179,0.821
920,1fp3,biological,0.518,0.482
921,5vm1,biological,0.083,0.917
922,2gz6,crystal,0.741,0.259
923,1u4m,biological,0.039,0.961
924,4yxf,biological,0.067,0.933
925,5ncr,biological,0.214,0.786
926,3lyc,biological,0.007,0.993
927,1azw,crystal,0.587,0.413
928,5kol,biological,0.075,0.925
929,3kg8,crystal,0.545,0.455
930,1v4v,biological,0.15,0.85
931,5tus,biological,0.406,0.594
932,1ye5,biological,0.086,0.914
933,1i74,crystal,0.524,0.476
934,1eqw,crystal,0.767,0.233
935,3lhr,biological,0.321,0.679
936,6gc9,crystal,0.705,0.295
937,1fpq,biological,0.016,0.984
938,1iug,biological,0.006,0.994
939,3rbg,biological,0.174,0.826
